{
    "dim": 2,
    "n": 4,
    "nodes": {
        "No 1": {
            "x": 0.0,
            "y": 0.0,
            "z": 0.0,
            "Tx": true,
            "Ty": true,
            "Tz": false,
            "Mx": false,
            "My": false,
            "Mz": false
        },
        "No 2": {
            "x": 0.0,
            "y": 0.21,
            "z": 0.0,
            "Tx": true,
            "Ty": true,
            "Tz": false,
            "Mx": false,
            "My": false,
            "Mz": false
        },
        "No 3": {
            "x": 0.21,
            "y": 0.21,
            "z": 0.0,
            "Tx": false,
            "Ty": false,
            "Tz": false,
            "Mx": false,
            "My": false,
            "Mz": false
        },
        "No 4": {
            "x": 0.21,
            "y": 0.0,
            "z": 0.0,
            "Tx": false,
            "Ty": false,
            "Tz": false,
            "Mx": false,
            "My": false,
            "Mz": false
        }
    },
    "E": [[0.0, 21e5,   21e5,   21e5],
         [21e5, 0.0,    21e5,   21e5],
         [21e5, 21e5,   0.0,    21e5],
         [21e5, 21e5,   21e5,   0.0]],
    "A": [[0.0,     1e-4,       1.414213562373095e-4,    1e-4    ],
         [1e-4,     0.0,        1e-4,       1.414213562373095e-4 ],
         [1.414213562373095e-4,  1e-4,       0.0,        1e-4    ],
         [1e-4,     1.414213562373095e-4,    1e-4,       0.0     ]],
    "loads": [[0.0, 0.0,    0.0],
              [0.0, 0.0,    0.0],
              [0.0, -1.0,   0.0],
              [0.0, 0.0,    0.0]]
}